{"parts":[{"books":[{"no":"1","heading":"Book One","title":"The Book of Beginnings","cantos":[{"no":"1","sections":[{"no":"1","running_no":"1","heading":"Section 1 (1)"},{"no":"2","running_no":"2","heading":"Section 2 (2)"}],"heading":"Canto I","title":"The Symbol Dawn"},{"no":"2","sections":[{"no":"1","running_no":"3","heading":"Section 1 (3)"},{"no":"2","running_no":"4","heading":"Section 2 (4)"}],"heading":"Canto II","title":"The Issue"},{"no":"3","sections":[{"no":"1","running_no":"5","heading":"Section 1 (5)"},{"no":"2","running_no":"6","heading":"Section 2 (6)"},{"no":"3","running_no":"7","heading":"Section 3 (7)"},{"no":"4","running_no":"8","heading":"Section 4 (8)"},{"no":"5","running_no":"9","heading":"Section 5 (9)"}],"heading":"Canto III","title":"The Yoga of the King: The Yoga of the Soul's Release"},{"no":"4","sections":[{"no":"1","running_no":"10","heading":"Section 1 (10)"},{"no":"2","running_no":"11","heading":"Section 2 (11)"},{"no":"3","running_no":"12","heading":"Section 3 (12)"},{"no":"4","running_no":"13","heading":"Section 4 (13)"},{"no":"5","running_no":"14","heading":"Section 5 (14)"},{"no":"6","running_no":"15","heading":"Section 6 (15)"},{"no":"7","running_no":"16","heading":"Section 7 (16)"},{"no":"8","running_no":"17","heading":"Section 8 (17)"}],"heading":"Canto IV","title":"The Secret Knowledge"},{"no":"5","sections":[{"no":"1","running_no":"18","heading":"Section 1 (18)"},{"no":"2","running_no":"19","heading":"Section 2 (19)"},{"no":"3","running_no":"20","heading":"Section 3 (20)"},{"no":"4","running_no":"21","heading":"Section 4 (21)"},{"no":"5","running_no":"22","heading":"Section 5 (22)"},{"no":"6","running_no":"23","heading":"Section 6 (23)"},{"no":"7","running_no":"24","heading":"Section 7 (24)"}],"heading":"Canto V","title":"The Yoga of the King: The Yoga of the Spirit's Freedom and Greatness"}]},{"no":"2","heading":"Book Two","title":"The Book of the Traveller of the Worlds","cantos":[{"no":"1","sections":[{"no":"1","running_no":"25","heading":"Section 1 (25)"},{"no":"2","running_no":"26","heading":"Section 2 (26)"},{"no":"3","running_no":"27","heading":"Section 3 (27)"}],"heading":"Canto I","title":"The World-Stair"},{"no":"2","sections":[{"no":"1","running_no":"28","heading":"Section 1 (28)"},{"no":"2","running_no":"29","heading":"Section 2 (29)"},{"no":"3","running_no":"30","heading":"Section 3 (30)"},{"no":"4","running_no":"31","heading":"Section 4 (31)"}],"heading":"Canto II","title":"The Kingdom of Subtle Matter"},{"no":"3","sections":[{"no":"1","running_no":"32","heading":"Section 1 (32)"},{"no":"2","running_no":"33","heading":"Section 2 (33)"},{"no":"3","running_no":"34","heading":"Section 3 (34)"},{"no":"4","running_no":"35","heading":"Section 4 (35)"},{"no":"5","running_no":"36","heading":"Section 5 (36)"}],"heading":"Canto III","title":"The Glory and Fall of Life"},{"no":"4","sections":[{"no":"1","running_no":"37","heading":"Section 1 (37)"},{"no":"2","running_no":"38","heading":"Section 2 (38)"},{"no":"3","running_no":"39","heading":"Section 3 (39)"},{"no":"4","running_no":"40","heading":"Section 4 (40)"},{"no":"5","running_no":"41","heading":"Section 5 (41)"},{"no":"6","running_no":"42","heading":"Section 6 (42)"}],"heading":"Canto IV","title":"The Kingdoms of the Little Life"},{"no":"5","sections":[{"no":"1","running_no":"43","heading":"Section 1 (43)"},{"no":"2","running_no":"44","heading":"Section 2 (44)"},{"no":"3","running_no":"45","heading":"Section 3 (45)"},{"no":"4","running_no":"46","heading":"Section 4 (46)"},{"no":"5","running_no":"47","heading":"Section 5 (47)"},{"no":"6","running_no":"48","heading":"Section 6 (48)"}],"heading":"Canto V","title":"The Godheads of the Little Life"},{"no":"6","sections":[{"no":"1","running_no":"49","heading":"Section 1 (49)"},{"no":"2","running_no":"50","heading":"Section 2 (50)"},{"no":"3","running_no":"51","heading":"Section 3 (51)"},{"no":"4","running_no":"52","heading":"Section 4 (52)"},{"no":"5","running_no":"53","heading":"Section 5 (53)"},{"no":"6","running_no":"54","heading":"Section 6 (54)"}],"heading":"Canto VI","title":"The Kingdoms and Godheads of the Greater Life"},{"no":"7","sections":[{"no":"1","running_no":"55","heading":"Section 1 (55)"},{"no":"2","running_no":"56","heading":"Section 2 (56)"},{"no":"3","running_no":"57","heading":"Section 3 (57)"},{"no":"4","running_no":"58","heading":"Section 4 (58)"},{"no":"5","running_no":"59","heading":"Section 5 (59)"},{"no":"6","running_no":"60","heading":"Section 6 (60)"}],"heading":"Canto VII","title":"The Descent into Night"},{"no":"8","sections":[{"no":"1","running_no":"61","heading":"Section 1 (61)"},{"no":"2","running_no":"62","heading":"Section 2 (62)"},{"no":"3","running_no":"63","heading":"Section 3 (63)"},{"no":"4","running_no":"64","heading":"Section 4 (64)"}],"heading":"Canto VIII","title":"The World of Falsehood, the Mother of Evil and the Sons of Darkness"},{"no":"9","sections":[{"no":"1","running_no":"65","heading":"Section 1 (65)"}],"heading":"Canto IX","title":"The Paradise of the Life-Gods"},{"no":"10","sections":[{"no":"1","running_no":"66","heading":"Section 1 (66)"},{"no":"2","running_no":"67","heading":"Section 2 (67)"},{"no":"3","running_no":"68","heading":"Section 3 (68)"},{"no":"4","running_no":"69","heading":"Section 4 (69)"}],"heading":"Canto X","title":"The Kingdoms and Godheads of the Little Mind"},{"no":"11","sections":[{"no":"1","running_no":"70","heading":"Section 1 (70)"},{"no":"2","running_no":"71","heading":"Section 2 (71)"},{"no":"3","running_no":"72","heading":"Section 3 (72)"}],"heading":"Canto XI","title":"The Kingdoms and Godheads of the Greater Mind"},{"no":"12","sections":[{"no":"1","running_no":"73","heading":"Section 1 (73)"}],"heading":"Canto XII","title":"The Heavens of the Ideal"},{"no":"13","sections":[{"no":"1","running_no":"74","heading":"Section 1 (74)"}],"heading":"Canto XIII","title":"In the Self of Mind"},{"no":"14","sections":[{"no":"1","running_no":"75","heading":"Section 1 (75)"},{"no":"2","running_no":"76","heading":"Section 2 (76)"},{"no":"3","running_no":"77","heading":"Section 3 (77)"}],"heading":"Canto XIV","title":"The World-Soul"},{"no":"15","sections":[{"no":"1","running_no":"78","heading":"Section 1 (78)"}],"heading":"Canto XV","title":"The Kingdoms of the Greater Knowledge"}]},{"no":"3","heading":"Book Three","title":"The Book of the Divine Mother","cantos":[{"no":"1","sections":[{"no":"1","running_no":"79","heading":"Section 1 (79)"}],"heading":"Canto I","title":"The Pursuit of the Unknowable"},{"no":"2","sections":[{"no":"1","running_no":"80","heading":"Section 1 (80)"},{"no":"2","running_no":"81","heading":"Section 2 (81)"},{"no":"3","running_no":"82","heading":"Section 3 (82)"}],"heading":"Canto II","title":"The Adoration of the Divine Mother"},{"no":"3","sections":[{"no":"1","running_no":"83","heading":"Section 1 (83)"},{"no":"2","running_no":"84","heading":"Section 2 (84)"},{"no":"3","running_no":"85","heading":"Section 3 (85)"},{"no":"4","running_no":"86","heading":"Section 4 (86)"},{"no":"5","running_no":"87","heading":"Section 5 (87)"},{"no":"6","running_no":"88","heading":"Section 6 (88)"}],"heading":"Canto III","title":"The House of the Spirit and the New Creation"},{"no":"4","sections":[{"no":"1","running_no":"89","heading":"Section 1 (89)"},{"no":"2","running_no":"90","heading":"Section 2 (90)"},{"no":"3","running_no":"91","heading":"Section 3 (91)"},{"no":"4","running_no":"92","heading":"Section 4 (92)"}],"heading":"Canto IV","title":"The Vision and the Boon"}]}],"id":"1","name":"Part One"},{"books":[{"no":"4","heading":"Book Four","title":"The Book of Birth and Quest","cantos":[{"no":"1","sections":[{"no":"1","running_no":"93","heading":"Section 1 (93)"},{"no":"2","running_no":"94","heading":"Section 2 (94)"}],"heading":"Canto I","title":"The Birth and Childhood of the Flame"},{"no":"2","sections":[{"no":"1","running_no":"95","heading":"Section 1 (95)"},{"no":"2","running_no":"96","heading":"Section 2 (96)"},{"no":"3","running_no":"97","heading":"Section 3 (97)"}],"heading":"Canto II","title":"The Growth of the Flame"},{"no":"3","sections":[{"no":"1","running_no":"98","heading":"Section 1 (98)"}],"heading":"Canto III","title":"The Call to the Quest"},{"no":"4","sections":[{"no":"1","running_no":"99","heading":"Section 1 (99)"},{"no":"2","running_no":"100","heading":"Section 2 (100)"}],"heading":"Canto IV","title":"The Quest"}]},{"no":"5","heading":"Book Five","title":"The Book of Love","cantos":[{"no":"1","sections":[{"no":"1","running_no":"101","heading":"Section 1 (101)"}],"heading":"Canto I","title":"The Destined Meeting-place"},{"no":"2","sections":[{"no":"1","running_no":"102","heading":"Section 1 (102)"}],"heading":"Canto II","title":"Satyavan"},{"no":"3","sections":[{"no":"1","running_no":"103","heading":"Section 1 (103)"},{"no":"2","running_no":"104","heading":"Section 2 (104)"},{"no":"3","running_no":"105","heading":"Section 3 (105)"}],"heading":"Canto III","title":"Satyavan and Savitri"}]},{"no":"6","heading":"Book Six","title":"The Book of Fate","cantos":[{"no":"1","sections":[{"no":"1","running_no":"106","heading":"Section 1 (106)"}],"heading":"Canto I","title":"The Word of Fate"},{"no":"2","sections":[{"no":"1","running_no":"107","heading":"Section 1 (107)"},{"no":"2","running_no":"108","heading":"Section 2 (108)"},{"no":"3","running_no":"109","heading":"Section 3 (109)"},{"no":"4","running_no":"110","heading":"Section 4 (110)"},{"no":"5","running_no":"111","heading":"Section 5 (111)"},{"no":"6","running_no":"112","heading":"Section 6 (112)"},{"no":"7","running_no":"113","heading":"Section 7 (113)"}],"heading":"Canto II","title":"The Way of Fate and the Problem of Pain"}]},{"no":"7","heading":"Book Seven","title":"The Book of Yoga","cantos":[{"no":"1","sections":[{"no":"1","running_no":"114","heading":"Section 1 (114)"},{"no":"2","running_no":"115","heading":"Section 2 (115)"}],"heading":"Canto I","title":"The Joy of Union; the Ordeal of the Foreknowledge of Death and the Heart's Grief"},{"no":"2","sections":[{"no":"1","running_no":"116","heading":"Section 1 (116)"},{"no":"2","running_no":"117","heading":"Section 2 (117)"}],"heading":"Canto II","title":"The Parable of the Search for the Soul"},{"no":"3","sections":[{"no":"1","running_no":"118","heading":"Section 1 (118)"},{"no":"2","running_no":"119","heading":"Section 2 (119)"},{"no":"3","running_no":"120","heading":"Section 3 (120)"},{"no":"4","running_no":"121","heading":"Section 4 (121)"}],"heading":"Canto III","title":"The Entry into the Inner Countries"},{"no":"4","sections":[{"no":"1","running_no":"122","heading":"Section 1 (122)"},{"no":"2","running_no":"123","heading":"Section 2 (123)"},{"no":"3","running_no":"124","heading":"Section 3 (124)"}],"heading":"Canto IV","title":"The Triple Soul-Forces"},{"no":"5","sections":[{"no":"1","running_no":"125","heading":"Section 1 (125)"},{"no":"2","running_no":"126","heading":"Section 2 (126)"},{"no":"3","running_no":"127","heading":"Section 3 (127)"}],"heading":"Canto V","title":"The Finding of the Soul"},{"no":"6","sections":[{"no":"1","running_no":"128","heading":"Section 1 (128)"},{"no":"2","running_no":"129","heading":"Section 2 (129)"},{"no":"3","running_no":"130","heading":"Section 3 (130)"}],"heading":"Canto VI","title":"Nirvana and the Discovery of the All-Negating Absolute"},{"no":"7","sections":[{"no":"1","running_no":"131","heading":"Section 1 (131)"},{"no":"2","running_no":"132","heading":"Section 2 (132)"}],"heading":"Canto VII","title":"Untitled"}]},{"no":"8","heading":"Book Eight","title":"The Book of Death","cantos":[{"no":"3","sections":[{"no":"1","running_no":"133","heading":"Section 1 (133)"}],"heading":"\"Canto III\"","title":"Death in the Forest"}]}],"id":"2","name":"Part Two"},{"books":[{"no":"9","heading":"Book Nine","title":"The Book of Eternal Night","cantos":[{"no":"1","sections":[{"no":"1","running_no":"134","heading":"Section 1 (134)"},{"no":"2","running_no":"135","heading":"Section 2 (135)"},{"no":"3","running_no":"136","heading":"Section 3 (136)"}],"heading":"Canto I","title":"Towards the Black Void"},{"no":"2","sections":[{"no":"1","running_no":"137","heading":"Section 1 (137)"}],"heading":"Canto II","title":"The Journey in Eternal Night and the Voice of the Darkness"}]},{"no":"10","heading":"Book Ten","title":"The Book of the Double Twilight","cantos":[{"no":"1","sections":[{"no":"1","running_no":"138","heading":"Section 1 (138)"},{"no":"2","running_no":"139","heading":"Section 2 (139)"}],"heading":"Canto I","title":"The Dream Twilight of the Ideal"},{"no":"2","sections":[{"no":"1","running_no":"140","heading":"Section 1 (140)"}],"heading":"Canto II","title":"The Gospel of Death and Vanity of the Ideal"},{"no":"3","sections":[{"no":"1","running_no":"141","heading":"Section 1 (141)"},{"no":"2","running_no":"142","heading":"Section 2 (142)"}],"heading":"Canto III","title":"The Debate of Love and Death"},{"no":"4","sections":[{"no":"1","running_no":"143","heading":"Section 1 (143)"},{"no":"2","running_no":"144","heading":"Section 2 (144)"},{"no":"3","running_no":"145","heading":"Section 3 (145)"},{"no":"4","running_no":"146","heading":"Section 4 (146)"},{"no":"5","running_no":"147","heading":"Section 5 (147)"}],"heading":"Canto IV","title":"The Dream Twilight of the Earthly Real"}]},{"no":"11","heading":"Book Eleven","title":"The Book of the Everlasting Day","cantos":[{"no":"1","sections":[{"no":"1","running_no":"148","heading":"Section 1 (148)"},{"no":"2","running_no":"149","heading":"Section 2 (149)"},{"no":"3","running_no":"150","heading":"Section 3 (150)"},{"no":"4","running_no":"151","heading":"Section 4 (151)"},{"no":"5","running_no":"152","heading":"Section 5 (152)"},{"no":"6","running_no":"153","heading":"Section 6 (153)"},{"no":"7","running_no":"154","heading":"Section 7 (154)"},{"no":"8","running_no":"155","heading":"Section 8 (155)"},{"no":"9","running_no":"156","heading":"Section 9 (156)"}],"heading":"Canto I","title":"The Eternal Day: The Soul's Choice and the Supreme Consummation"}]},{"no":"12","heading":"Book Twelve","title":"Epilogue","cantos":[{"no":"1","sections":[{"no":"1","running_no":"157","heading":"Section 1 (157)"},{"no":"2","running_no":"158","heading":"Section 2 (158)"},{"no":"3","running_no":"159","heading":"Section 3 (159)"}],"heading":"Epilogue","title":"The Return to Earth"}]}],"id":"3","name":"Part Three"}]}